state_code,state name,lga name,lga code
NG-AB,Abia,Aba North,NG-AB-ABN
NG-AB,Abia,Aba South,NG-AB-ABS
NG-AB,Abia,Arochukwu,NG-AB-ARO
NG-AB,Abia,Bende,NG-AB-BEN
NG-AB,Abia,Ikwuano,NG-AB-IKW
NG-AB,Abia,Isiala Ngwa North,NG-AB-ISN
NG-AB,Abia,Isiala Ngwa South,NG-AB-ISS
NG-AB,Abia,Isuikwuato,NG-AB-ISU
NG-AB,Abia,Obi Ngwa,NG-AB-OBN
NG-AB,Abia,Ohafia,NG-AB-OHA
NG-AB,Abia,Osisioma Ngwa,NG-AB-OSN
NG-AB,Abia,Ugwunagbo,NG-AB-UGW
NG-AB,Abia,Ukwa East,NG-AB-UKE
NG-AB,Abia,Ukwa West,NG-AB-UKW
NG-AB,Abia,Umuahia North,NG-AB-UMN
NG-AB,Abia,Umuahia South,NG-AB-UMS
NG-AB,Abia,Umu Nneochi,NG-AB-UNN
NG-AD,Adamawa,Demsa,NG-AD-DEM
NG-AD,Adamawa,Fufure,NG-AD-FUF
NG-AD,Adamawa,Ganye,NG-AD-GAN
NG-AD,Adamawa,Guyuk,NG-AD-GUY
NG-AD,Adamawa,Girei,NG-AD-GIR
NG-AD,Adamawa,Gombi,NG-AD-GOM
NG-AD,Adamawa,Hong,NG-AD-HON
NG-AD,Adamawa,Jada,NG-AD-JAD
NG-AD,Adamawa,Lamurde,NG-AD-LAM
NG-AD,Adamawa,Madagali,NG-AD-MAD
NG-AD,Adamawa,Maiha,NG-AD-MAI
NG-AD,Adamawa,Mayo Belwa,NG-AD-MAB
NG-AD,Adamawa,Michika,NG-AD-MIC
NG-AD,Adamawa,Mubi North,NG-AD-MUN
NG-AD,Adamawa,Mubi South,NG-AD-MUS
NG-AD,Adamawa,Numan,NG-AD-NUM
NG-AD,Adamawa,Shelleng,NG-AD-SHE
NG-AD,Adamawa,Song,NG-AD-SON
NG-AD,Adamawa,Toungo,NG-AD-TOU
NG-AD,Adamawa,Yola North,NG-AD-YON
NG-AD,Adamawa,Yola South,NG-AD-YOS
NG-AK,Akwa Ibom,Abak,NG-AK-ABA
NG-AK,Akwa Ibom,Eastern Obolo,NG-AK-EAO
NG-AK,Akwa Ibom,Eket,NG-AK-EKE
NG-AK,Akwa Ibom,Esit Eket,NG-AK-ESE
NG-AK,Akwa Ibom,Essien Udim,NG-AK-ESU
NG-AK,Akwa Ibom,Etim Ekpo,NG-AK-ETE
NG-AK,Akwa Ibom,Etinan Uyo,NG-AK-ETU
NG-AK,Akwa Ibom,Ibeno,NG-AK-IBE
NG-AK,Akwa Ibom,Ibesikpo Asutan,NG-AK-IBA
NG-AK,Akwa Ibom,Ibiono-Ibom,NG-AK-IBI
NG-AK,Akwa Ibom,Ika,NG-AK-IKA
NG-AK,Akwa Ibom,Ikono,NG-AK-IKO
NG-AK,Akwa Ibom,Ikot Abasi (village),NG-AK-IAB
NG-AK,Akwa Ibom,Ikot Ekpene,NG-AK-IKE
NG-AK,Akwa Ibom,Ini,NG-AK-INI
NG-AK,Akwa Ibom,Itu,NG-AK-ITU
NG-AK,Akwa Ibom,Mbo,NG-AK-MBO
NG-AK,Akwa Ibom,Mkpat-Eni,NG-AK-MKP
NG-AK,Akwa Ibom,Nsit-Atai,NG-AK-NSA
NG-AK,Akwa Ibom,Nsit-Ibom,NG-AK-NSI
NG-AK,Akwa Ibom,Nsit-Ubium,NG-AK-NSU
NG-AK,Akwa Ibom,Obot Akara,NG-AK-OBA
NG-AK,Akwa Ibom,Okobo,NG-AK-OKO
NG-AK,Akwa Ibom,Onna,NG-AK-ONN
NG-AK,Akwa Ibom,Oron,NG-AK-ORO
NG-AK,Akwa Ibom,Oruk Anam,NG-AK-ORA
NG-AK,Akwa Ibom,Udung-Uko,NG-AK-UDU
NG-AK,Akwa Ibom,Ukanafun,NG-AK-UKA
NG-AK,Akwa Ibom,Uruan,NG-AK-URU
NG-AK,Akwa Ibom,Urue-Offong/Oruko,NG-AK-URO
NG-AK,Akwa Ibom,Uyo,NG-AK-UYO
NG-AN,Anambra,Aguata,NG-AN-AGU
NG-AN,Anambra,Anambra East,NG-AN-ANE
NG-AN,Anambra,Anambra West,NG-AN-ANW
NG-AN,Anambra,Anaocha,NG-AN-ANA
NG-AN,Anambra,Awka North,NG-AN-AWN
NG-AN,Anambra,Awka South,NG-AN-AWS
NG-AN,Anambra,Ayamelum,NG-AN-AYA
NG-AN,Anambra,Dunukofia,NG-AN-DUN
NG-AN,Anambra,Ekwusigo,NG-AN-EKW
NG-AN,Anambra,Idemili North,NG-AN-IDN
NG-AN,Anambra,Idemili South,NG-AN-IDS
NG-AN,Anambra,Ihiala,NG-AN-IHI
NG-AN,Anambra,Njikoka,NG-AN-NJI
NG-AN,Anambra,Nnewi North,NG-AN-NNN
NG-AN,Anambra,Nnewi South,NG-AN-NNS
NG-AN,Anambra,Ogbaru,NG-AN-OGB
NG-AN,Anambra,Onitsha North,NG-AN-ONN
NG-AN,Anambra,Onitsha South,NG-AN-ONS
NG-AN,Anambra,Orumba North,NG-AN-ORN
NG-AN,Anambra,Orumba South,NG-AN-ORS
NG-AN,Anambra,Oyi,NG-AN-OYI
NG-BC,Bauchi,Alkaleri,NG-BA-ALK
NG-BC,Bauchi,Bauchi,NG-BA-BAU
NG-BC,Bauchi,Bogoro,NG-BA-BOG
NG-BC,Bauchi,Damban,NG-BA-DAM
NG-BC,Bauchi,Darazo,NG-BA-DAR
NG-BC,Bauchi,Dass,NG-BA-DAS
NG-BC,Bauchi,Gamawa,NG-BA-GAM
NG-BC,Bauchi,Ganjuwa,NG-BA-GAN
NG-BC,Bauchi,Giade,NG-BA-GIA
NG-BC,Bauchi,Itas/Gadau,NG-BA-ITA
NG-BC,Bauchi,Jama'are,NG-BA-JAM
NG-BC,Bauchi,Katagum,NG-BA-KAT
NG-BC,Bauchi,Kirfi,NG-BA-KIR
NG-BC,Bauchi,Misau,NG-BA-MIS
NG-BC,Bauchi,Ningi,NG-BA-NIN
NG-BC,Bauchi,Shira,NG-BA-SHI
NG-BC,Bauchi,Tafawa Balewa,NG-BA-TAB
NG-BC,Bauchi,Toro,NG-BA-TOR
NG-BC,Bauchi,Warji,NG-BA-WAR
NG-BC,Bauchi,Zaki,NG-BA-ZAK
NG-BA,Bayelsa,Brass,NG-BA-BRA
NG-BA,Bayelsa,Ekeremor,NG-BA-EKE
NG-BA,Bayelsa,Kolokuma/Opokuma,NG-BA-KOL
NG-BA,Bayelsa,Nembe,NG-BA-NEM
NG-BA,Bayelsa,Ogbia,NG-BA-OGB
NG-BA,Bayelsa,Sagbama,NG-BA-SAG
NG-BA,Bayelsa,Southern Ijaw,NG-BA-SOI
NG-BA,Bayelsa,Yenagoa,NG-BA-YEN
NG-BE,Benue,Ado,NG-BE-ADO
NG-BE,Benue,Agatu,NG-BE-AGA
NG-BE,Benue,Apa,NG-BE-APA
NG-BE,Benue,Buruku,NG-BE-BUR
NG-BE,Benue,Gboko,NG-BE-GBO
NG-BE,Benue,Guma,NG-BE-GUM
NG-BE,Benue,Gwer East,NG-BE-GWE
NG-BE,Benue,Gwer West,NG-BE-GWW
NG-BE,Benue,Katsina-Ala,NG-BE-KAT
NG-BE,Benue,Konshisha,NG-BE-KON
NG-BE,Benue,Kwande,NG-BE-KWA
NG-BE,Benue,Logo,NG-BE-LOG
NG-BE,Benue,Makurdi,NG-BE-MAK
NG-BE,Benue,Obi,NG-BE-OBI
NG-BE,Benue,Ogbadibo,NG-BE-OGB
NG-BE,Benue,Ohimini,NG-BE-OHI
NG-BE,Benue,Oju,NG-BE-OJU
NG-BE,Benue,Okpokwu,NG-BE-OKP
NG-BE,Benue,Oturkpo,NG-BE-OTU
NG-BE,Benue,Tarka,NG-BE-TAR
NG-BE,Benue,Ukum,NG-BE-UKU
NG-BE,Benue,Ushongo,NG-BE-USH
NG-BE,Benue,Vandeikya,NG-BE-VAN
NG-BO,Borno,Abadam,NG-BO-ABA
NG-BO,Borno,Askira/Uba,NG-BO-ASK
NG-BO,Borno,Bama,NG-BO-BAM
NG-BO,Borno,Bayo,NG-BO-BAY
NG-BO,Borno,Biu,NG-BO-BIU
NG-BO,Borno,Chibok,NG-BO-CHI
NG-BO,Borno,Damboa,NG-BO-DAM
NG-BO,Borno,Dikwa,NG-BO-DIK
NG-BO,Borno,Gubio,NG-BO-GUB
NG-BO,Borno,Guzamala,NG-BO-GUZ
NG-BO,Borno,Gwoza,NG-BO-GWO
NG-BO,Borno,Hawul,NG-BO-HAW
NG-BO,Borno,Jere,NG-BO-JER
NG-BO,Borno,Kaga,NG-BO-KAG
NG-BO,Borno,Kala/Balge,NG-BO-KAL
NG-BO,Borno,Konduga,NG-BO-KON
NG-BO,Borno,Kukawa,NG-BO-KUK
NG-BO,Borno,Kwaya Kusar,NG-BO-KWK
NG-BO,Borno,Mafa,NG-BO-MAF
NG-BO,Borno,Magumeri,NG-BO-MAG
NG-BO,Borno,Maiduguri,NG-BO-MAI
NG-BO,Borno,Marte,NG-BO-MAR
NG-BO,Borno,Mobbar,NG-BO-MOB
NG-BO,Borno,Monguno,NG-BO-MON
NG-BO,Borno,Ngala,NG-BO-NGA
NG-BO,Borno,Nganzai,NG-BO-NGZ
NG-BO,Borno,Shani,NG-BO-SHA
NG-CR,Cross River,Abi,NG-CR-ABI
NG-CR,Cross River,Akamkpa,NG-CR-AKA
NG-CR,Cross River,Akpabuyo,NG-CR-AKP
NG-CR,Cross River,Bakassi,NG-CR-BAK
NG-CR,Cross River,Bekwarra,NG-CR-BEK
NG-CR,Cross River,Biase,NG-CR-BIA
NG-CR,Cross River,Boki,NG-CR-BOK
NG-CR,Cross River,Calabar Municipal,NG-CR-CAM
NG-CR,Cross River,Calabar South,NG-CR-CAS
NG-CR,Cross River,Etung,NG-CR-ETU
NG-CR,Cross River,Ikom,NG-CR-IKO
NG-CR,Cross River,Obanliku,NG-CR-OBA
NG-CR,Cross River,Obubra,NG-CR-OBB
NG-CR,Cross River,Obudu,NG-CR-OBU
NG-CR,Cross River,Odukpani,NG-CR-ODU
NG-CR,Cross River,Ogoja,NG-CR-OGO
NG-CR,Cross River,Yakurr,NG-CR-YAK
NG-CR,Cross River,Yala,NG-CR-YAL
NG-DE,Delta,Aniocha North,NG-DE-ANN
NG-DE,Delta,Aniocha South,NG-DE-ANS
NG-DE,Delta,Bomadi,NG-DE-BOM
NG-DE,Delta,Burutu,NG-DE-BUR
NG-DE,Delta,Ethiope East,NG-DE-ETE
NG-DE,Delta,Ethiope West,NG-DE-ETW
NG-DE,Delta,Ika North East,NG-DE-IKN
NG-DE,Delta,Ika South,NG-DE-IKS
NG-DE,Delta,Isoko North,NG-DE-ISN
NG-DE,Delta,Isoko South,NG-DE-ISS
NG-DE,Delta,Ndokwa East,NG-DE-NDE
NG-DE,Delta,Ndokwa West,NG-DE-NDW
NG-DE,Delta,Okpe,NG-DE-OKP
NG-DE,Delta,Oshimili North,NG-DE-OSN
NG-DE,Delta,Oshimili South,NG-DE-OSS
NG-DE,Delta,Patani,NG-DE-PAT
NG-DE,Delta,Sapele,NG-DE-SAP
NG-DE,Delta,Udu,NG-DE-UDU
NG-DE,Delta,Ughelli North,NG-DE-UGN
NG-DE,Delta,Ughelli South,NG-DE-UGS
NG-DE,Delta,Ukwuani,NG-DE-UKW
NG-DE,Delta,Uvwie,NG-DE-UVW
NG-DE,Delta,Warri North,NG-DE-WAN
NG-DE,Delta,Warri South,NG-DE-WAS
NG-DE,Delta,Warri South West,NG-DE-WSW
NG-EB,Ebonyi,Abakaliki,NG-EB-ABA
NG-EB,Ebonyi,Afikpo,NG-EB-AFI
NG-EB,Ebonyi,Edda,NG-EB-EDD
NG-EB,Ebonyi,Ebonyi,NG-EB-EBO
NG-EB,Ebonyi,Ezza North,NG-EB-EZN
NG-EB,Ebonyi,Ezza South,NG-EB-EZS
NG-EB,Ebonyi,Ikwo,NG-EB-IKW
NG-EB,Ebonyi,Ishielu,NG-EB-ISH
NG-EB,Ebonyi,Ivo,NG-EB-IVO
NG-EB,Ebonyi,Izzi,NG-EB-IZZ
NG-EB,Ebonyi,Ohaozara,NG-EB-OHA
NG-EB,Ebonyi,Ohaukwu,NG-EB-OHK
NG-EB,Ebonyi,Onicha,NG-EB-ONI
NG-ED,Edo,Akoko-Edo,NG-ED-AKO
NG-ED,Edo,Egor,NG-ED-EGO
NG-ED,Edo,Esan Central,NG-ED-ESC
NG-ED,Edo,Esan North-East,NG-ED-ESN
NG-ED,Edo,Esan South-East,NG-ED-ESS
NG-ED,Edo,Esan West,NG-ED-ESW
NG-ED,Edo,Etsako Central,NG-ED-ETC
NG-ED,Edo,Etsako East,NG-ED-ETE
NG-ED,Edo,Etsako West,NG-ED-ETW
NG-ED,Edo,Igueben,NG-ED-IGU
NG-ED,Edo,Ikpoba Okha,NG-ED-IKO
NG-ED,Edo,Orhionmwon,NG-ED-ORH
NG-ED,Edo,Oredo,NG-ED-ORE
NG-ED,Edo,Ovia North-East,NG-ED-OVN
NG-ED,Edo,Ovia South-West,NG-ED-OVS
NG-ED,Edo,Owan East,NG-ED-OWE
NG-ED,Edo,Owan West,NG-ED-OWW
NG-ED,Edo,Uhunmwonde,NG-ED-UHU
NG-EK,Ekiti,Ado Ekiti,NG-ED-ADE
NG-EK,Ekiti,Efon,NG-ED-EFO
NG-EK,Ekiti,Ekiti East,NG-ED-EKE
NG-EK,Ekiti,Ekiti South-West,NG-ED-EKS
NG-EK,Ekiti,Ekiti West,NG-ED-EKW
NG-EK,Ekiti,Emure,NG-ED-EMU
NG-EK,Ekiti,Gbonyin,NG-ED-GBO
NG-EK,Ekiti,Ido Osi,NG-ED-IDO
NG-EK,Ekiti,Ijero,NG-ED-IJE
NG-EK,Ekiti,Ikere,NG-ED-IKE
NG-EK,Ekiti,Ikole,NG-ED-IKL
NG-EK,Ekiti,Ilejemeje,NG-ED-ILE
NG-EK,Ekiti,Irepodun/Ifelodun,NG-ED-IRE
NG-EK,Ekiti,Ise/Orun,NG-ED-ISE
NG-EK,Ekiti,Moba,NG-ED-MOB
NG-EK,Ekiti,Oye,NG-ED-OYE
NG-EN,Enugu,Aninri,NG-EN-ANI
NG-EN,Enugu,Awgu,NG-EN-AWG
NG-EN,Enugu,Enugu East,NG-EN-ENE
NG-EN,Enugu,Enugu North,NG-EN-ENN
NG-EN,Enugu,Enugu South,NG-EN-ENS
NG-EN,Enugu,Ezeagu,NG-EN-EZE
NG-EN,Enugu,Igbo Etiti,NG-EN-IGE
NG-EN,Enugu,Igbo Eze North,NG-EN-IEN
NG-EN,Enugu,Igbo Eze South,NG-EN-IES
NG-EN,Enugu,Isi Uzo,NG-EN-ISU
NG-EN,Enugu,Nkanu East,NG-EN-NKE
NG-EN,Enugu,Nkanu West,NG-EN-NKW
NG-EN,Enugu,Nsukka,NG-EN-NSU
NG-EN,Enugu,Oji River,NG-EN-OJR
NG-EN,Enugu,Udenu,NG-EN-UDE
NG-EN,Enugu,Udi,NG-EN-UDI
NG-EN,Enugu,Uzo-Uwani,NG-EN-UZO
NG-GO,Gombe,Akko,NG-GO-AKK
NG-GO,Gombe,Balanga,NG-GO-BAL
NG-GO,Gombe,Billiri,NG-GO-BIL
NG-GO,Gombe,Dukku,NG-GO-DUK
NG-GO,Gombe,Funakaye,NG-GO-FUN
NG-GO,Gombe,Gombe,NG-GO-GOM
NG-GO,Gombe,Kaltungo,NG-GO-KAL
NG-GO,Gombe,Kwami,NG-GO-KWA
NG-GO,Gombe,Nafada,NG-GO-NAF
NG-GO,Gombe,Shongom,NG-GO-SHO
NG-GO,Gombe,Yamaltu/Deba,NG-GO-YAM
NG-IM,Imo,Aboh Mbaise,NG-IM-ABM
NG-IM,Imo,Ahiazu Mbaise,NG-IM-AHM
NG-IM,Imo,Ehime Mbano,NG-IM-EHM
NG-IM,Imo,Ezinihitte,NG-IM-EZI
NG-IM,Imo,Ideato North,NG-IM-IDN
NG-IM,Imo,Ideato South,NG-IM-IDS
NG-IM,Imo,Ihitte/Uboma,NG-IM-IHI
NG-IM,Imo,Ikeduru,NG-IM-IKE
NG-IM,Imo,Isiala Mbano,NG-IM-ISM
NG-IM,Imo,Isu,NG-IM-ISU
NG-IM,Imo,Mbaitoli,NG-IM-MBA
NG-IM,Imo,Ngor Okpala,NG-IM-NGO
NG-IM,Imo,Njaba,NG-IM-NJA
NG-IM,Imo,Nkwerre,NG-IM-NKW
NG-IM,Imo,Nwangele,NG-IM-NWA
NG-IM,Imo,Obowo,NG-IM-OBO
NG-IM,Imo,Oguta,NG-IM-OGU
NG-IM,Imo,Ohaji/Egbema,NG-IM-OHA
NG-IM,Imo,Okigwe,NG-IM-OKI
NG-IM,Imo,Orlu,NG-IM-ORL
NG-IM,Imo,Orsu,NG-IM-ORS
NG-IM,Imo,Oru East,NG-IM-ORE
NG-IM,Imo,Oru West,NG-IM-ORW
NG-IM,Imo,Owerri Municipal,NG-IM-OWM
NG-IM,Imo,Owerri North,NG-IM-OWN
NG-IM,Imo,Owerri West,NG-IM-OWW
NG-IM,Imo,Onuimo,NG-IM-ONU
NG-JI,Jigawa,Auyo,NG-JI-AUY
NG-JI,Jigawa,Babura,NG-JI-BAB
NG-JI,Jigawa,Birniwa,NG-JI-BIR
NG-JI,Jigawa,Birnin Kudu,NG-JI-BIK
NG-JI,Jigawa,Buji,NG-JI-BUJ
NG-JI,Jigawa,Dutse,NG-JI-DUT
NG-JI,Jigawa,Gagarawa,NG-JI-GAG
NG-JI,Jigawa,Garki,NG-JI-GAR
NG-JI,Jigawa,Gumel,NG-JI-GUM
NG-JI,Jigawa,Guri,NG-JI-GUR
NG-JI,Jigawa,Gwaram,NG-JI-GWA
NG-JI,Jigawa,Gwiwa,NG-JI-GWI
NG-JI,Jigawa,Hadejia,NG-JI-HAD
NG-JI,Jigawa,Jahun,NG-JI-JAH
NG-JI,Jigawa,Kafin Hausa,NG-JI-KAH
NG-JI,Jigawa,Kaugama,NG-JI-KAU
NG-JI,Jigawa,Kazaure,NG-JI-KAZ
NG-JI,Jigawa,Kiri Kasama,NG-JI-KIK
NG-JI,Jigawa,Kiyawa,NG-JI-KIY
NG-JI,Jigawa,Maigatari,NG-JI-MAI
NG-JI,Jigawa,Malam Madori,NG-JI-MAM
NG-JI,Jigawa,Miga,NG-JI-MIG
NG-JI,Jigawa,Ringim,NG-JI-RIN
NG-JI,Jigawa,Roni,NG-JI-RON
NG-JI,Jigawa,Sule Tankarkar,NG-JI-SUT
NG-JI,Jigawa,Taura,NG-JI-TAU
NG-JI,Jigawa,Yankwashi,NG-JI-YAN
NG-KD,Kaduna,Birnin Gwari,NG-KD-BIG
NG-KD,Kaduna,Chikun,NG-KD-CHI
NG-KD,Kaduna,Giwa,NG-KD-GIW
NG-KD,Kaduna,Igabi,NG-KD-IGA
NG-KD,Kaduna,Ikara,NG-KD-IKA
NG-KD,Kaduna,Jaba,NG-KD-JAB
NG-KD,Kaduna,Jema'a,NG-KD-JEM
NG-KD,Kaduna,Kachia,NG-KD-KAC
NG-KD,Kaduna,Kaduna North,NG-KD-KAN
NG-KD,Kaduna,Kaduna South,NG-KD-KAS
NG-KD,Kaduna,Kagarko,NG-KD-KAG
NG-KD,Kaduna,Kajuru,NG-KD-KAJ
NG-KD,Kaduna,Kaura,NG-KD-KAU
NG-KD,Kaduna,Kauru,NG-KD-KAR
NG-KD,Kaduna,Kubau,NG-KD-KUB
NG-KD,Kaduna,Kudan,NG-KD-KUD
NG-KD,Kaduna,Lere,NG-KD-LER
NG-KD,Kaduna,Makarfi,NG-KD-MAK
NG-KD,Kaduna,Sabon Gari,NG-KD-SAG
NG-KD,Kaduna,Sanga,NG-KD-SAN
NG-KD,Kaduna,Soba,NG-KD-SOB
NG-KD,Kaduna,Zangon Kataf,NG-KD-ZAK
NG-KD,Kaduna,Zaria,NG-KD-ZAR
NG-KA,Kano,Ajingi,NG-KA-AJI
NG-KA,Kano,Albasu,NG-KA-ALB
NG-KA,Kano,Bagwai,NG-KA-BAG
NG-KA,Kano,Bebeji,NG-KA-BEB
NG-KA,Kano,Bichi,NG-KA-BIC
NG-KA,Kano,Bunkure,NG-KA-BUN
NG-KA,Kano,Dala,NG-KA-DAL
NG-KA,Kano,Dambatta,NG-KA-DAM
NG-KA,Kano,Dawakin Kudu,NG-KA-DAK
NG-KA,Kano,Dawakin Tofa,NG-KA-DAT
NG-KA,Kano,Doguwa,NG-KA-DOG
NG-KA,Kano,Fagge,NG-KA-FAG
NG-KA,Kano,Gabasawa,NG-KA-GAB
NG-KA,Kano,Garko,NG-KA-GAR
NG-KA,Kano,Garun Mallam,NG-KA-GAM
NG-KA,Kano,Gaya,NG-KA-GAY
NG-KA,Kano,Gezawa,NG-KA-GEZ
NG-KA,Kano,Gwale,NG-KA-GWL
NG-KA,Kano,Gwarzo,NG-KA-GWZ
NG-KA,Kano,Kabo,NG-KA-KAB
NG-KA,Kano,Kano Municipal,NG-KA-KAM
NG-KA,Kano,Karaye,NG-KA-KAR
NG-KA,Kano,Kibiya,NG-KA-KIB
NG-KA,Kano,Kiru,NG-KA-KIR
NG-KA,Kano,Kumbotso,NG-KA-KUM
NG-KA,Kano,Kunchi,NG-KA-KUN
NG-KA,Kano,Kura,NG-KA-KUR
NG-KA,Kano,Madobi,NG-KA-MAD
NG-KA,Kano,Makoda,NG-KA-MAK
NG-KA,Kano,Minjibir,NG-KA-MIN
NG-KA,Kano,Nasarawa,NG-KA-NAS
NG-KA,Kano,Rano,NG-KA-RAN
NG-KA,Kano,Rimin Gado,NG-KA-RIG
NG-KA,Kano,Rogo,NG-KA-ROG
NG-KA,Kano,Shanono,NG-KA-SHA
NG-KA,Kano,Sumaila,NG-KA-SUM
NG-KA,Kano,Takai,NG-KA-TAK
NG-KA,Kano,Tarauni,NG-KA-TAR
NG-KA,Kano,Tofa,NG-KA-TOF
NG-KA,Kano,Tsanyawa,NG-KA-TSA
NG-KA,Kano,Tudun Wada,NG-KA-TUW
NG-KA,Kano,Ungogo,NG-KA-UNG
NG-KA,Kano,Warawa,NG-KA-WAR
NG-KA,Kano,Wudil,NG-KA-WUD
NG-KT,Katsina,Bakori,NG-KT-BAK
NG-KT,Katsina,Batagarawa,NG-KT-BTG
NG-KT,Katsina,Batsari,NG-KT-BAT
NG-KT,Katsina,Baure,NG-KT-BAU
NG-KT,Katsina,Bindawa,NG-KT-BIN
NG-KT,Katsina,Charanchi,NG-KT-CHA
NG-KT,Katsina,Dandume,NG-KT-DAN
NG-KT,Katsina,Danja,NG-KT-DNJ
NG-KT,Katsina,Dan Musa,NG-KT-DAM
NG-KT,Katsina,Daura,NG-KT-DAU
NG-KT,Katsina,Dutsi,NG-KT-DUT
NG-KT,Katsina,Dutsin Ma,NG-KT-DUM
NG-KT,Katsina,Faskari,NG-KT-FAS
NG-KT,Katsina,Funtua,NG-KT-FUN
NG-KT,Katsina,Ingawa,NG-KT-ING
NG-KT,Katsina,Jibia,NG-KT-JIB
NG-KT,Katsina,Kafur,NG-KT-KAF
NG-KT,Katsina,Kaita,NG-KT-KAI
NG-KT,Katsina,Kankara,NG-KT-KKR
NG-KT,Katsina,Kankia,NG-KT-KAN
NG-KT,Katsina,Katsina,NG-KT-KAT
NG-KT,Katsina,Kurfi,NG-KT-KUR
NG-KT,Katsina,Kusada,NG-KT-KUS
NG-KT,Katsina,Mai'Adua,NG-KT-MAI
NG-KT,Katsina,Malumfashi,NG-KT-MAL
NG-KT,Katsina,Mani,NG-KT-MAN
NG-KT,Katsina,Mashi,NG-KT-MAS
NG-KT,Katsina,Matazu,NG-KT-MAT
NG-KT,Katsina,Musawa,NG-KT-MUS
NG-KT,Katsina,Rimi,NG-KT-RIM
NG-KT,Katsina,Sabuwa,NG-KT-SAB
NG-KT,Katsina,Safana,NG-KT-SAF
NG-KT,Katsina,Sandamu,NG-KT-SAN
NG-KT,Katsina,Zango,NG-KT-ZAN
NG-KE,Kebbi,Aleiro,NG-KE-ALE
NG-KE,Kebbi,Arewa,NG-KE-ARE
NG-KE,Kebbi,Argungu,NG-KE-ARG
NG-KE,Kebbi,Augie,NG-KE-AUG
NG-KE,Kebbi,Bagudo,NG-KE-BAG
NG-KE,Kebbi,Birnin Kebbi,NG-KE-BIK
NG-KE,Kebbi,Bunza,NG-KE-BUN
NG-KE,Kebbi,Dandi,NG-KE-DAN
NG-KE,Kebbi,Fakai,NG-KE-FAK
NG-KE,Kebbi,Gwandu,NG-KE-GWA
NG-KE,Kebbi,Jega,NG-KE-JEG
NG-KE,Kebbi,Kalgo,NG-KE-KAL
NG-KO,Kogi,Adavi,NG-KO-ADA
NG-KO,Kogi,Ajaokuta,NG-KO-AJA
NG-KO,Kogi,Ankpa,NG-KO-ANK
NG-KO,Kogi,Bassa,NG-KO-BAS
NG-KO,Kogi,Dekina,NG-KO-DEK
NG-KO,Kogi,Ibaji,NG-KO-IBA
NG-KO,Kogi,Idah,NG-KO-IDA
NG-KO,Kogi,Igalamela-Odolu,NG-KO-IGA
NG-KO,Kogi,Kabba/Bunu,NG-KO-KAB
NG-KO,Kogi,Mopa-Muro,NG-KO-MOP
NG-KO,Kogi,Ijumu,NG-KO-IJU
NG-KO,Kogi,Yagba West,NG-KO-YAW
NG-KO,Kogi,Yagba East,NG-KO-YAE
NG-KO,Kogi,Okene,NG-KO-OKE
NG-KO,Kogi,Okehi,NG-KO-OKH
NG-KO,Kogi,Lokoja,NG-KO-LOK
NG-KO,Kogi,Isanlu,NG-KO-ISA
NG-KO,Kogi,Olamaboro,NG-KO-OLA
NG-KO,Kogi,Omala,NG-KO-OMA
NG-KO,Kogi,Kogi,NG-KO-KOG
NG-KW,Kwara,Ekiti,NG-KW-EKI
NG-KW,Kwara,Ifelodun,NG-KW-IFE
NG-KW,Kwara,Ilorin East,NG-KW-ILE
NG-KW,Kwara,Ilorin West,NG-KW-ILW
NG-KW,Kwara,Irepodun,NG-KW-IRE
NG-KW,Kwara,Isin,NG-KW-ISI
NG-KW,Kwara,Kaiama,NG-KW-KAI
NG-KW,Kwara,Moro,NG-KW-MOR
NG-KW,Kwara,Offa,NG-KW-OFF
NG-KW,Kwara,Oke Ero,NG-KW-OKE
NG-KW,Kwara,Oyun,NG-KW-OYU
NG-KW,Kwara,Pategi,NG-KW-PAT
NG-KW,Kwara,Baruten,NG-KW-BAR
NG-KW,Kwara,Asa,NG-KW-ASA
NG-KW,Kwara,Edu,NG-KW-EDU
NG-KW,Kwara,Ilorin South,NG-KW-ILS
NG-LG,Lagos,Agege,NG-LG-AGE
NG-LG,Lagos,Ajeromi-Ifelodun,NG-LG-AJE
NG-LG,Lagos,Alimosho,NG-LG-ALI
NG-LG,Lagos,Amuwo-Odofin,NG-LG-AMU
NG-LG,Lagos,Apapa,NG-LG-APA
NG-LG,Lagos,Badagry,NG-LG-BAD
NG-LG,Lagos,Epe,NG-LG-EPE
NG-LG,Lagos,Eti Osa,NG-LG-ETO
NG-LG,Lagos,Ibeju-Lekki,NG-LG-IBE
NG-LG,Lagos,Ifako-Ijaiye,NG-LG-IFA
NG-LG,Lagos,Ikeja,NG-LG-IKE
NG-LG,Lagos,Ikorodu,NG-LG-IKO
NG-LG,Lagos,Kosofe,NG-LG-KOS
NG-LG,Lagos,Lagos Island,NG-LG-LAI
NG-LG,Lagos,Lagos Mainland,NG-LG-LAM
NG-LG,Lagos,Mushin,NG-LG-MUS
NG-LG,Lagos,Ojo,NG-LG-OJO
NG-LG,Lagos,Oshodi-Isolo,NG-LG-OSH
NG-LG,Lagos,Shomolu,NG-LG-SHO
NG-LG,Lagos,Surulere,NG-LG-SUR
NG-NA,Nasarawa,Akwanga,NG-NA-AKW
NG-NA,Nasarawa,Awe,NG-NA-AWE
NG-NA,Nasarawa,Doma,NG-NA-DOM
NG-NA,Nasarawa,Karu,NG-NA-KAR
NG-NA,Nasarawa,Lafia,NG-NA-LAF
NG-NA,Nasarawa,keana,NG-NA-KEA
NG-NA,Nasarawa,Obi,NG-NA-OBI
NG-NA,Nasarawa,Kokona,NG-NA-KOK
NG-NA,Nasarawa,Keffi,NG-NA-KEF
NG-NA,Nasarawa,Nasarawa,NG-NA-NAS
NG-NA,Nasarawa,Nasarawa Eggon,NG-NA-NAE
NG-NA,Nasarawa,Wamba,NG-NA-WAM
NG-NA,Nasarawa,Toto,NG-NA-TOT
NG-NI,Niger,Agaie,NG-NI-AGA
NG-NI,Niger,Agwara,NG-NI-AGW
NG-NI,Niger,Bida,NG-NI-BID
NG-NI,Niger,Borgu,NG-NI-BOR
NG-NI,Niger,Bosso,NG-NI-BOS
NG-NI,Niger,Chanchaga,NG-NI-CHA
NG-NI,Niger,Edati,NG-NI-EDA
NG-NI,Niger,Gbako,NG-NI-GBA
NG-NI,Niger,Gurara,NG-NI-GUR
NG-NI,Niger,Katcha,NG-NI-KAT
NG-NI,Niger,Kontagora,NG-NI-KON
NG-NI,Niger,Lapai,NG-NI-LAP
NG-NI,Niger,Lavun,NG-NI-LAV
NG-NI,Niger,Magama,NG-NI-MAG
NG-NI,Niger,Mariga,NG-NI-MAR
NG-NI,Niger,Mashegu,NG-NI-MAS
NG-NI,Niger,Mokwa,NG-NI-MOK
NG-NI,Niger,Munya,NG-NI-MUN
NG-NI,Niger,Paikoro,NG-NI-PAI
NG-NI,Niger,Rafi,NG-NI-RAF
NG-NI,Niger,Rijau,NG-NI-RIJ
NG-NI,Niger,Shiroro,NG-NI-SHI
NG-NI,Niger,Suleja,NG-NI-SUL
NG-NI,Niger,Tafa,NG-NI-TAF
NG-NI,Niger,Wushishi,NG-NI-WUS
NG-OG,#N/A,Abeokuta North,NG-OG-ABN
NG-OG,#N/A,Abeokuta South,NG-OG-ABS
NG-OG,#N/A,Ado-Odo/Ota,NG-OG-ADO
NG-OG,#N/A,Ewekoro,NG-OG-EWE
NG-OG,#N/A,Ifo,NG-OG-IFO
NG-OG,#N/A,Ijebu North,NG-OG-IJN
NG-OG,#N/A,Ijebu North East,NG-OG-INE
NG-OG,#N/A,Ijebu East,NG-OG-IJE
NG-OG,#N/A,Ilishan-Remo,NG-OG-ILI
NG-OG,#N/A,Ikenne,NG-OG-IKE
NG-OG,#N/A,Imeko Afon,NG-OG-IMA
NG-OG,#N/A,Ipokia,NG-OG-IPO
NG-OG,#N/A,Obafemi Owode,NG-OG-OBO
NG-OG,#N/A,Odeda,NG-OG-ODE
NG-OG,#N/A,Odogbolu,NG-OG-ODO
NG-OG,#N/A,Ogun Waterside,NG-OG-OGW
NG-OG,#N/A,Remo North,NG-OG-REN
NG-OG,#N/A,Shagamu,NG-OG-SHA
NG-OG,#N/A,Yewa North,NG-OG-YEN
NG-OG,#N/A,Yewa South,NG-OG-YES
NG-OG,#N/A,Isara,NG-OG-ISA
NG-ON,#N/A,Akoko North-East,NG-ON-ANE
NG-ON,#N/A,Akoko North-West,NG-ON-ANW
NG-ON,#N/A,Akoko South-East,NG-ON-ASE
NG-ON,#N/A,Akoko South-West,NG-ON-ASW
NG-ON,#N/A,Akure North,NG-ON-AKN
NG-ON,#N/A,Akure South,NG-ON-AKS
NG-ON,#N/A,Ese Odo,NG-ON-ESO
NG-ON,#N/A,Ifedore,NG-ON-IFE
NG-ON,#N/A,Idanre,NG-ON-IDA
NG-ON,#N/A,Ilaje,NG-ON-ILA
NG-ON,#N/A,Ile-Oluji/Okeigbo,NG-ON-ILE
NG-ON,#N/A,Irele,NG-ON-IRE
NG-ON,#N/A,Odigbo,NG-ON-ODI
NG-ON,#N/A,Okitipupa,NG-ON-OKI
NG-ON,#N/A,Ondo East,NG-ON-ONE
NG-ON,#N/A,Ose,NG-ON-OSE
NG-ON,#N/A,Owo,NG-ON-OWO
NG-OS,Osun,Aiyedaade,NG-OS-AYD
NG-OS,Osun,Aiyedire,NG-OS-ADI
NG-OS,Osun,Atakunmosa East,NG-OS-ATE
NG-OS,Osun,Atakunmosa West,NG-OS-ATW
NG-OS,Osun,Boluwaduro,NG-OS-BOL
NG-OS,Osun,Boripe,NG-OS-BOR
NG-OS,Osun,Ede North,NG-OS-EDN
NG-OS,Osun,Ede South,NG-OS-EDS
NG-OS,Osun,Egbedore,NG-OS-EGB
NG-OS,Osun,Ejigbo,NG-OS-EJI
NG-OS,Osun,Ife Central,NG-OS-IFC
NG-OS,Osun,Ife East,NG-OS-IFE
NG-OS,Osun,Ife North,NG-OS-IFN
NG-OS,Osun,Ife South,NG-OS-IFS
NG-OS,Osun,Ifedayo,NG-OS-IFD
NG-OS,Osun,Ifelodun,NG-OS-IFL
NG-OS,Osun,Isokan,NG-OS-ISO
NG-OS,Osun,Obokun,NG-OS-OBO
NG-OS,Osun,Irewole,NG-OS-IRE
NG-OS,Osun,Ola-Oluwa,NG-OS-OLA
NG-OS,Osun,Olorunda,NG-OS-OLO
NG-OS,Osun,Ilesa West,NG-OS-ILW
NG-OS,Osun,Ilesa East,NG-OS-ILE
NG-OS,Osun,Odo-Otin,NG-OS-ODO
NG-OS,Osun,Ila,NG-OS-ILA
NG-OS,Osun,Ori-Ade,NG-OS-ORI
NG-OS,Osun,Orolu,NG-OS-ORO
NG-OS,Osun,Irepodun,NG-OS-IRP
NG-OS,Osun,Iwo,NG-OS-IWO
NG-OS,Osun,Osogbo,NG-OS-OSO
NG-OY,Oyo,Afijio,NG-OY-AFI
NG-OY,Oyo,Ibadan North,NG-OY-IBD
NG-OY,Oyo,Ibadan North-East,NG-OY-INE
NG-OY,Oyo,Ibadan North-West,NG-OY-INW
NG-OY,Oyo,Ibadan South-East,NG-OY-ISE
NG-OY,Oyo,Ibadan South-West,NG-OY-ISW
NG-OY,Oyo,Ibarapa Central,NG-OY-IBC
NG-OY,Oyo,Ibarapa East,NG-OY-IBE
NG-OY,Oyo,Ibarapa North,NG-OY-IBN
NG-OY,Oyo,Ido,NG-OY-IDO
NG-OY,Oyo,Irepo,NG-OY-IRE
NG-OY,Oyo,Iwajowa,NG-OY-IWA
NG-OY,Oyo,Ogbomosho North,NG-OY-OGN
NG-OY,Oyo,Ogbomosho South,NG-OY-OGS
NG-OY,Oyo,Ogo Oluwa,NG-OY-OGO
NG-OY,Oyo,Olorunsogo,NG-OY-OLO
NG-OY,Oyo,Oluyole,NG-OY-OLU
NG-OY,Oyo,Ona Ara,NG-OY-ONA
NG-OY,Oyo,Orelope,NG-OY-ORE
NG-OY,Oyo,Orire,NG-OY-ORI
NG-OY,Oyo,Atisbo,NG-OY-ATI
NG-OY,Oyo,Saki West,NG-OY-SAW
NG-OY,Oyo,Saki East,NG-OY-SAE
NG-OY,Oyo,Egbeda,NG-OY-EGB
NG-OY,Oyo,Lagelu,NG-OY-LAG
NG-OY,Oyo,Atiba,NG-OY-ATB
NG-OY,Oyo,Oyo East,NG-OY-OYE
NG-OY,Oyo,Oyo West,NG-OY-OYW
NG-PL,Plateau,Barkin Ladi,NG-PL-BAL
NG-PL,Plateau,Bassa,NG-PL-BAS
NG-PL,Plateau,Bokkos,NG-PL-BOK
NG-PL,Plateau,Jos East,NG-PL-JOE
NG-PL,Plateau,Jos North,NG-PL-JON
NG-PL,Plateau,Jos South,NG-PL-JOS
NG-PL,Plateau,Kanam,NG-PL-KAN
NG-PL,Plateau,Kanke,NG-PL-KNK
NG-PL,Plateau,Langtang North,NG-PL-LAN
NG-PL,Plateau,Langtang South,NG-PL-LAS
NG-PL,Plateau,Mangu,NG-PL-MAN
NG-PL,Plateau,Mikang,NG-PL-MIK
NG-PL,Plateau,Pankshin,NG-PL-PAN
NG-PL,Plateau,Qua'an-Pan,NG-PL-QUA
NG-PL,Plateau,Riyom,NG-PL-RIY
NG-PL,Plateau,Shendam,NG-PL-SHE
NG-PL,Plateau,Wase,NG-PL-WAS
NG-RI,Rivers,Abua-Odual,NG-RI-ABU
NG-RI,Rivers,Ahoada East,NG-RI-AHE
NG-RI,Rivers,Ahoada West,NG-RI-AHW
NG-RI,Rivers,Akuku Toru,NG-RI-AKT
NG-RI,Rivers,Andoni,NG-RI-AND
NG-RI,Rivers,Asari Toru,NG-RI-AST
NG-RI,Rivers,Bonny,NG-RI-BON
NG-RI,Rivers,Degema,NG-RI-DEG
NG-RI,Rivers,Eleme,NG-RI-ELE
NG-RI,Rivers,Emohua,NG-RI-EMO
NG-RI,Rivers,Etche,NG-RI-ETC
NG-RI,Rivers,Gokana,NG-RI-GOK
NG-RI,Rivers,Ikwerre,NG-RI-IKW
NG-RI,Rivers,Khana,NG-RI-KHA
NG-RI,Rivers,Obio-Akpor,NG-RI-OBI
NG-RI,Rivers,Ogba-Egbema-Ndoni,NG-RI-OGB
NG-RI,Rivers,Ogu-Bolo,NG-RI-OGU
NG-RI,Rivers,Okirika,NG-RI-OKI
NG-RI,Rivers,Omuma,NG-RI-OMU
NG-RI,Rivers,Opobo-Nkoro,NG-RI-OPO
NG-RI,Rivers,Oyigbo,NG-RI-OYI
NG-RI,Rivers,Port Harcourt,NG-RI-POH
NG-RI,Rivers,Tai,NG-RI-TAI
NG-SO,Sokoto,Binji,NG-SO-BIN
NG-SO,Sokoto,Bodinga,NG-SO-BOD
NG-SO,Sokoto,Dange Shuni,NG-SO-DAS
NG-SO,Sokoto,Gada,NG-SO-GAD
NG-SO,Sokoto,Sokoto South,NG-SO-SOS
NG-SO,Sokoto,Sokoto North,NG-SO-SON
NG-SO,Sokoto,Gwadabawa,NG-SO-GWA
NG-SO,Sokoto,Wamakko,NG-SO-WAM
NG-SO,Sokoto,Tangaza,NG-SO-TAN
NG-SO,Sokoto,Sabon Birni,NG-SO-SAB
NG-SO,Sokoto,Isah,NG-SO-ISA
NG-SO,Sokoto,Rabah,NG-SO-RAB
NG-SO,Sokoto,Silame,NG-SO-SIL
NG-SO,Sokoto,Wurno,NG-SO-WUR
NG-SO,Sokoto,Goronyo,NG-SO-GOR
NG-SO,Sokoto,Illela,NG-SO-ILL
NG-SO,Sokoto,Gudu,NG-SO-GUD
NG-SO,Sokoto,Tureta,NG-SO-TUR
NG-SO,Sokoto,Tambuwal,NG-SO-TAM
NG-SO,Sokoto,Kware,NG-SO-KWA
NG-TA,Taraba,Ardo Kola,NG-TA-ARK
NG-TA,Taraba,Bali,NG-TA-BAL
NG-TA,Taraba,Donga,NG-TA-DON
NG-TA,Taraba,Gashaka,NG-TA-GAS
NG-TA,Taraba,Gassol,NG-TA-GSS
NG-TA,Taraba,Ibi,NG-TA-IBI
NG-TA,Taraba,Jalingo,NG-TA-JAL
NG-TA,Taraba,Karim Lamido,NG-TA-KAL
NG-TA,Taraba,Kurmi,NG-TA-KUR
NG-TA,Taraba,Lau,NG-TA-LAU
NG-TA,Taraba,Sardauna,NG-TA-SAR
NG-TA,Taraba,Takum,NG-TA-TAK
NG-TA,Taraba,Ussa,NG-TA-USS
NG-TA,Taraba,Wukari,NG-TA-WUK
NG-TA,Taraba,Yorro,NG-TA-YOR
NG-TA,Taraba,Zing,NG-TA-ZIN
NG-YO,Yobe,Bade,NG-YO-BAD
NG-YO,Yobe,Bursari,NG-YO-BUR
NG-YO,Yobe,Damaturu,NG-YO-DAM
NG-YO,Yobe,Fika,NG-YO-FIK
NG-YO,Yobe,Fune,NG-YO-FUN
NG-YO,Yobe,Geidam,NG-YO-GEI
NG-YO,Yobe,Gujba,NG-YO-GUJ
NG-YO,Yobe,Gulani,NG-YO-GUL
NG-YO,Yobe,Jakusko,NG-YO-JAK
NG-YO,Yobe,Karasuwa,NG-YO-KAR
NG-YO,Yobe,Machina,NG-YO-MAC
NG-YO,Yobe,Nangere,NG-YO-NAN
NG-YO,Yobe,Nguru,NG-YO-NGU
NG-YO,Yobe,Potiskum,NG-YO-POT
NG-YO,Yobe,Tarmuwa,NG-YO-TAR
NG-YO,Yobe,Yunusari,NG-YO-YUN
NG-YO,Yobe,Yusufari,NG-YO-YUS
NG-ZA,Zamfara,Anka,NG-ZA-ANK
NG-ZA,Zamfara,Bakuka,NG-ZA-BAK
NG-ZA,Zamfara,Birnin Magaji/Kiyaw,NG-ZA-BIM
NG-ZA,Zamfara,Bukkuyum,NG-ZA-BUK
NG-ZA,Zamfara,Bungudu,NG-ZA-BUN
NG-ZA,Zamfara,Tsafe,NG-ZA-TSA
NG-ZA,Zamfara,Gummi,NG-ZA-GUM
NG-ZA,Zamfara,Gusau,NG-ZA-GUS
NG-ZA,Zamfara,Kaura-Namoda,NG-ZA-KAU
NG-ZA,Zamfara,Maradun,NG-ZA-MAR
NG-ZA,Zamfara,Maru,NG-ZA-MRU
NG-ZA,Zamfara,Shinkafi,NG-ZA-SHI
NG-ZA,Zamfara,Talata-Mafara,NG-ZA-TAL
NG-ZA,Zamfara,Zurmi,NG-ZA-ZUR
NG-FC,FCT,Abaji,NG-FC-ABA
NG-FC,FCT,Abuja Municipal Area Council,NG-FC-ABM
NG-FC,FCT,Kwali,NG-FC-KWA
NG-FC,FCT,Kuje,NG-FC-KUJ
NG-FC,FCT,Bwari,NG-FC-BWA
NG-FC,FCT,Gwagwalada,NG-FC-GWA
